{"cameraMode":{"drawMode":0,"name":"Shaded","section":"Shading Mode"},"sceneLighting":false,"audioPlay":false,"sceneViewState":{"showFog":true,"showMaterialUpdate":true,"showSkybox":false,"showFlares":true,"showImageEffects":true,"showParticleSystems":true},"in2DMode":false,"pivot":{"x":-124.38902282714844,"y":18.667882919311525,"z":-33.09515380859375},"rotation":{"x":-0.32300782203674319,"y":-0.6248800754547119,"z":0.31728819012641909,"w":-0.6362269520759583},"size":7.996975898742676,"orthographic":false}