{"cameraMode":{"drawMode":0,"name":"Shaded","section":"Shading Mode"},"sceneLighting":true,"audioPlay":false,"sceneViewState":{"showFog":true,"showMaterialUpdate":true,"showSkybox":true,"showFlares":true,"showImageEffects":true,"showParticleSystems":true},"in2DMode":false,"pivot":{"x":-127.23104858398438,"y":21.483570098876954,"z":-27.397233963012697},"rotation":{"x":-0.07829738408327103,"y":-0.4673061668872833,"z":0.04169880971312523,"w":-0.8798434138298035},"size":0.547285795211792,"orthographic":false}